sequence,label
PLRNVMILAGAGVGG,0
TGGWEERLSVSLRAV,1
GIAGNLAAAGQDAQR,0
QKVQAAGNNMAQT,1
VGAAVGGTGPVSAGL,0
VFTREQVHEF,0
ATADAYATTEAVNVV,0
RRHQQLRAALTPLVQ,0
VAGGGVTLLQAAPTLDELKLEGDE,1
AVVELGSFDAAAERLHVTPS,0
VRRRHGLSSLGWNLC,1
GDQPFAVWPWAAPKL,0
LAVLKVDNVD,0
AAHKGLMNIALAISA,1
AVGPGRWDED,1
ELTGHAMLQPAFKAS,0
PDTAKEKPQEGTVVA,1
PKTYCEELKGTDTGQACQ,1
RRRRTGFSREEQQRL,0
LFPERSELF,1
KQTIEPGWLYITAHR,0
WLMVEEAA,0
LANSREELVEVFDALD,0
LSRRRRGPETTAVVL,0
VAVVGLGPGDSDWM,0
EGDTVIYSKY,1
EAINGRLEALCRNAL,0
TRSILAGLALQAVVV,0
AAMNPRLLPVRSCTEYATEP,0
GGTVEYDADD,0
SKVPEDTL,1
GGRNGSGGGDLFGGF,1
SVSVHSGAIA,0
YRLERPLLFALQCMP,1
KTVVIPSQGAVFVLQ,0
KSHGSVPIVV,0
YYQSGLSIVMPVGGQSSFYS,1
RNHTITDWAESELKR,1
VPEDTLNK,1
YLILSARDVL,1
KELSADIARRPMAKP,1
QSGGNNSPAVYLLDG,1
DRYRHLVALSITDFGAAGPRSSWRA,1
CGSAVAIGGDGGAGG,1
GGTEIKYNGE,1
MLGNAPSVVPNTTLGM,1
RYIEGVHGERPWGTV,0
YLAFDCFHPHW,0
HRERFERRKTQRELS,0
QQFIYAGSLSALLDPSQGMG,1
WEQLTERYGGVTICQWT,0
AHLDV,0
MDAVGEDVGT,0
GSKVPEDT,1
TPPAPAPPPFRLPLL,1
VSVANRDK,0
PGQGAYAAANSWVDV,1
LDIDSLSMVEIAV,1
EGWWPTLIGLAMNDS,1
LDGLRAQDDY,1
ALRGHVFAVQDALFW,0
ANGGAGGAGGWLFGN,0
MMPGM,0
SMEAAVTQEV,0
EQQRLRRILDTVARQE,0
ATTKRAVEGVSAVSE,0
SSSGCVTG,1
MKIRLHTLLAVLTAAPLLLA,1
LLTTAGAGRPRDRCARIVCT,0
VGNVGLSTIAGRLLG,1
RRLDGHTDAP,0
MRINEEIDAL,1
VELTQEALGTVAS,0
LNSGQYTVFAPTNAAFSKLP,1
TTIFPDHVVGRVGALLALAALIHRD,1
ASDLRSSS,1
FATWGKLAAVRTPTI,0
ARLMFADVLAEASERAGEEV,0
AASIAGLFL,1
QTPWGTHSVAGVGPPPYARS,0
VCAVDMPYLTVELIE,1
GGLFGIGGAGGGCGS,1
WRIPVEDGPAQFRAGVGPGR,0
LSVGEHSVRVEAFVC,0
PSLLRALLSEHLDAGYAAVA,0
LPTDKHFAPAV,0
GMVSLSRGPRGIGTA,0
DPDKDVDIMVRDGQLTIKAE,1
LGYDVAERHFTGTGA,0
EAEGGTWR,1
STANATVY,1
VESLRATGCAGEPQE,0
VFMRDVALAAIQGVVSAANE,0
AAASLAAIAIAFLAG,1
DENARHLEVAAAVRA,0
GIWLVSIIGVALLIK,0
PEDTLNKV,1
AVFLLVSVLLLVLVR,0
MNIALAISAQQVNYN,1
LLTEAGFVVDGVVAVSADEV,0
NAVFNFPPNGTHSWEYWGAQ,1
AMGRAIVR,0
QSIGDLIAEAMDKVGNEGV,1
AAAGAERLVIVTSEG,0
AGFTAPATTLLSALG,1
GGDIAAVAALAS,0
IPFAAAAGTAVQDSRSHVYAHQAQTRHP,1
NRYVELKRGEGKGA,1
APVSEADA,0
VRERMTTQDVEAITP,1
DRFADFPALPLDPSA,1
GAGRAFNNFAAPRYGFKPTV,0
LVQETLLRAWK,0
QEGYAFGYLLASVAALVVMNWLGL,0
GRAGGGAALGGGGMG,1
HLARIFFTGAFRRPRE,0
VRYGSLV,0
AEIEYPGQRAMALGE,0
APIELPSGHTAWLVT,1
LILTSYTSDEAMLDA,1
ASATKDGSHYKITGTATGVD,1
HGVVHCAGGSQTIGP,0
PGFGDRRKAM,1
PDRSAERCGSPAWDL,1
SVHDLSPADILVPTG,0
TLPVQRHPR,1
LHGLSEGVSGSGGSG,0
KTNSSLLT,1
MSPVNKSFEIEVTCS,1
GEAGPGVA,1
KAMLFDGRSGEPFPY,1
RGLAAFIELRD,0
EEAVLFLAEVAVARRGEIVAQVGA,0
YIGISFLDQASQRGL,1
LLQGQGGPLANVLAD,0
LGDVGEAFVDSLTSQ,1
MTDVSRKIRAWGRRLMIGTAAAVVLPGLVGLAGGAATAGA,1
AAAIHEMFVNTLVASSGSYA,0
LVAWLNGHPDFNDLP,0
SEFDVILEAAGDKKI,1
GANIPAEFLENFVRSSNLKF,1
RIVAPAAASVVVGLL,0
RSCPGYTLDYNANGS,1
TVAAADVQAYVTADL,0
IMIVSLGVTASSFLFINGVAFLIPR,1
EISTNIRQAGVQYSR,1
GGGLLICPNADHSDG,0
EDTLNKVD,1
DGNPPEVKSVGLGNVNGVTL,1
AAGAFGNGGVGGAGG,0
GDVGVFTATPLPLALAKLFWTARFN,0
TSDQLPATKADLYAA,0
GTVVAVGPGR,1
TELGTPLVRALAPHGVSGRS,0
VPPSWAAPSTRPVSA,1
ARSQLGDHVAVYLDA,0
GAVEEISISAEPKVK,1
GQSVTGYNNSVSVTS,1
IQMSDPAYNINISLPSYYPD,1
VEILDKLSPLIDGEG,0
SAFAAKAGLMRHTIG,1
VAEAEGGT,1
YHVVAGQTSPANVVG,1
HARVFDMDASPGGRR,0
AVLEDPYILLVSSKVS,1
AHLGGGGPSGQAGAL,0
ILFACGVE,0
AVAAVAAQLSPSARFTRAVA,0
GASDAYLSEGDMAAHKGLMN,1
QVGSQFGPYQLLRLL,1
VGVGYGKAKEVPAAI,0
GILTVSVAV,1
GHTLDATGLAEVFAV,0
ANVVGTRQ,1
FGDMLRCRRW,0
VGAHTSGWFNQSTQA,1
LFRSTEKFESHCGWPSFEDP,1
DEGKQSLTK,1
NYPASDDYRASASNGSDDASAH,1
HQVGDGEA,1
ADVGPATPPPPWCEP,1
PKLEQAGKLTDITSVLRT,0
YQRAWEWADAVHWRP,0
RRYGIGLDYQVDGIT,0
WLKLGLVEFGGVAKLNAEVMS,1
DVEDLYFDVVSQIRMDRWSR,0
PPGYDITALLQAHPH,1
VVHDITRFCRDNDIL,0
TSELPQWLSANRAVK,1
AWALRMSPD,1
EGWGKSPGFGTTVDF,1
LVTQPGTSNPKAVVSFYEDFL,0
TGGTGFAGGAGGAGKAGGSS,0
TIGLRAAAPSVAAALDRGATSVTD,0
NAAFS,1
TEKFVKEQ,1
FGHQVGDG,1
RARFGVPVPNMTAWR,1
SSGCVTGH,1
ERKNASTAASKCYVV,0
FPSFAGLRPTFDTRL,1
VAKVNIKPLEDKILV,1
VMPVGGQSSFYSDWY,1
NPLGLKRGIEKAVEK,1
AIANAYWSPQARRRF,1
TVIYSKYGGT,1
AADGEAVTVSTSRGS,0
MGIDSKTALVAERIT,0
TVSLPVGADEDDIKATYDKG,1
GNVGSDSLAITWAHP,0
VVAVGPGRWD,1
VFLSTPRITVPAFGI,0
VNIKPLEDKI,1
GNDNTQALVTRCDTA,0
GAKGKAALLRELSDVVPNLN,1
VLTDNRSQFVIEPLE,0
LFPQGGGFPRNNDDK,1
YQGVQQKWDATATELNNALQ,1
KMVAPVLEEIATERATDLTV,1
RLTERYLKGRPGFAE,0
AWVKVGYVLFVLA,0
EPDVVRKDTHAHAWA,1
GEQFMQWFLQEQIEEVALMA,1
GGTGGVGA,0
SEWRSPADTSPRPLP,1
LKTNSSLL,1
MKVQARVGWNRRQ,0
ASFLDQVHFQPLPPA,1
KNVKDVKCNNGSDPT,0
QDPEGWGKSPGFGTT,1
VDFGKRWVTE,0
GLLDVDDEFFVIVRP,0
NDPTQQIPKLVANNTRLWVY,1
TGVYEDLLAAGVA,1
SEFAYGSFVRTVSL,1
PARIWREHSMAAMKPRTGDG,0
QTLSRRFEDPSVGMA,0
CGNGTPNELGGANIPAEFLE,1
LEPDTTDVERMYRRL,1
AALNTLPQTPMPAFPP,0
GQLGVAANTVARA,0
DAATAQTLQAFLHWAITDGN,1
TPAAGAAPSAGAAPA,1
WGAPLHRRWRGSRLR,0
VEAGKLTL,0
VVVIREQPPPGNPPR,1
STEGNVTGMFA,1
KTLDAAIGKLLDNDK,1
YQGVQQKWD,1
GWELVAVL,0
DDLVGAGVIDAVA,1
LRARKGMVLD,0
TTDLNDLSDRQLVIEAVVEDE,0
TAGTAGAA,0
NPCGFAMLPAYLLLV,0
IQRTVASCPNTRIVLGGYSQGAT,0
EKYGLTPRQYPDFAA,1
LTSELPQWLSANRAVKPTGS,1
SAYASPRIGQPVGSE,1
SIGSGHPA,0
ATELNNALQNLARTISEAGQAMAS,1
DDESFGLGAVLGDFTA,0
SGELIAEHDLLPDVLYTSLL,0
SPHPLLTHAVEQTGR,1
RSQAITPEPGAAGRH,0
GGDGGNGG,0
YAAANPTGPASVQGMSQDPV,1
EYWGAQLNAMKGDLQSSL,1
MDPLSSATRRAIEVYPHPATVALFRLPR,0
STKIVIAGGFGSGKT,1
IVAASPDPGP,0
AAAWGGSGSEAYQGVQQKWDATA,1
DYQEPGLREAGFWRF,0
LDGLRAQDDYNGW,1
RPGLDELSFTLTGNPNRPDGGILT,1
LVYQTEKF,1
AGPGWVAFGATKQIIGLFLA,0
SIVMPVGGQSSFY,1
KRIPLDVAEG,1
YMIDSVLM,1
DVVQHVARRPGESPP,1
KQDPEGWGKSPGFGTTVDFP,1
AWGGSGSEAYQGVQQKWDATATEL,1
AGEHEAAAAGYVCAL,1
VLSGMIGA,0
SLAPGEAIFLPAGNL,0
LVTTTMGLLLLVPPI,0
GRWDEDGEKRIPLDVA,1
TGLVVGVVTGVGEAAA,0
GGSGGVNGATGADGAKGLDG,0
DAWVQVEH,0
GYQHNETASAQVLRE,0
GYPVHKPVTAGWNGY,1
MTEQQWNFAGIEAAASAIQG,1
AAAGDLVGPGCAEYA,1
INADFFAELGSPGGA,0
SAHPVYGNDLAQQIT,0
AVLMSADDYDAWQETVY,0
YGWRISLPAMVCYWSELARDIVLPPVGT,0
IGLSMAGSSAMILAA,1
KWDAT,1
ALVREGLRNV,1
RELRPSAAVVELPGL,0
LAYVAPLFGPDTLPAI,0
GRLHAVLDDCAPSTILTTTD,0
IMQLTTEQWLGPASM,1
WRIGYFGH,1
AWALRMSPDGNVWGA,1
IRLAKCGPWHRGGWD,1
MTSGAAASASRVDHP,0
HSLLWIGVFLFLGGMAAGGCNS,1
MLQDMAILTGGQVI,1
"AAPAKKAAPAKKAAA + METH(K179, K180)",1
GHQVGDGE,1
GERSHVVD,0
AVARRALGEQPQVTE,0
GPGQEGLDQYGSIPL,1
RRSGGREQHLAQVWR,0
VAGLSGCSSNKSTTGSGETT,1
YSPLPVVAASAEGAWIADID,0
LQGQWRGAAGTAAQA,1
AKGACIGPMGQRVRNVMSEL,0
AEYAAANP,1
ISGDLKTQIDQVEST,1
LLADNGSTDGTPQAAV,0
NTGSFNAGNYNTGYF,1
HDQFVHTLTAGAGSY,1
SGWWQTFWRITLPSI,0
ILTVSVAVSEGKPTEKHIQI,1
NDPQYQAELPEGSDTSVDAV,1
VQYSRADEEQQQALS,1
LENFVRSSNL,1
YPDHYEVEREKIR,1
VSSMDAGGVTLGLLSAWRGPNGQD,0
SAQVTGRMVQNGENLFQFRRE,0
MLVQHLLDRDLRVEIPGVDT,1
AFNSGLANISTSIAGLLRDS,0
AMAISDPFSRPGLPVEY,1
NQSFPVTVNWSTPAV,1
HHIEDTRTAL,0
IFLIGIPFNAATLDA,1
IDGPAPDGYPIINYE,1
ALGAAAAAGYALLAS,0
GQANQDKGDSPPAQWMPPN,0
EALQALPE,0
ADPDGTGYQIVQSLF,0
VRASKGVHVVVPRDR,0
SELTRFTPEAVVEKY,1
RHGLSSLGWNLCRIF,1
LWYSPLKAALEAFVA,0
IRSYASDIDTAVADKQLAVRYHLLNFLDDQSH,0
YISTPTDNRVVRVAD,1
PLAPEVPGELHAMMLDMRR,0
AGGYKAADMWGPSSD,1
PQVAAPLAAY,0
LILSARDVLA,1
YTGNTHYYMFLTQDL,0
WQLRGQATGRQVADA,0
AKVRRERMGHIELAA,1
LTLRSLPFLPIGIGP,0
"LPKKAAPAKKAAPAKKAAPAKKAAAKKAPAKKAAAKKVTQK + METH(K4, K9, K10, K15, K16, K21, K22, K26, K27, K31, K32, K36, K37)",1
TWQTKSGGTRTGNVT,1
TVVAT,0
LTSELPQWLSANRAV,1
KAVEKVTETLLKGAK,1
ALLDPSQGMGPSLIGLAMGD,1
FGVEVWFLAALA,0
RKVVVTKDETTIVEG,1
YDREKLQERLAKLAG,1
PVDPAGDGGLMDIVL,1
LARTISEAGQAMASTEGNVTGMFA,1
VLLESMKMEIPVLAE,1
TGGGGGSGFSNSGSG,1
AKLVGIELPKKAAPAKKA,1
DPDAVYSIVADGY,0
FCGRIHTRYSSAYEL,1
LMEHLRAL,0
GIPRPTLSSRLRMLVEVGLF,0
TVIAATAGRNHLKNV,1
LHGAVPVPIPPREAL,0
GDTVSGVFNTGIGAP,1
RRWVDELTIVVGSTA,1
YFPNKVHQQLIKAPLVTVDRVESFDIFAHL,0
RFQEAANKQKQELDEISTNIRQA,1
GTVELLGGPLAHPFQPL,1
LAIFASNLDEFYMVR,1
VLICDLDDATADAAL,0
ERREVFDHVKELTTR,0
GGAASHAAVVSRELG,0
YEEQMQDAFETGVMF,1
GSYWAMFILV,0
ELMEKRYATAGSQLV,0
LTTYILLPSQDLPLL,1
LVDCGRGVLQRAAAV,0
GREQLVEFRWELAVGDDPLS,0
GVTLLQAAPT,1
PGGTTTLVEHMVGIL,1
SAPVGGLDSGNPNPG,1
GHRVRQASVL,0
ESVARDGITEAECGIAKGSLRGGL,0
RAQDDYNGW,1
KQGLTLPASVDLEKE,0
SAMILAAYHPQQFIYAGSLS,1
DDLGEHRR,1
IPVVSVTKSVGFQLRGQSGPTTVK,1
PGESAYDNTHAASDI,0
GNFERISGDLKTQID,1
WSFAVGKQLNMAQII,1
ALESAQARL,0
HETERPGMADAPP,1
DIGHPPYGHNGERAL,0
VNKSFEI,1
LLGRPLIGDGAPGTA,0
ALVSAMTAAIIYGVR,0
VAALWAGNAGGPAHK,0
AAQAVQTAAQNGVRA,1
RDRLSTYFNEQVFPV,1
MVYIASTI,0
VVKAPLRAATVSVAAWGIRL,0
NGVTLGYTSGTCQGNASATK,1
KPLTAAQRAFRQVFE,0
LGRALDLDEHRSTVS,0
LTEIGYLLPEPDDFT,1
MDFGLQPPEITSGEM,1
VIAGIVAVIA,0
EHLKLNGKVLAAMYQ,1
ATGVDMANPMSPVNKSFEIE,1
RVNPLYFLRDGGRVI,0
DIPTQWRNQPLGWYT,0
TQSPLAD,0
PLACPPAVAPEHIAS,0
GAVGVDGV,0
NNPELTTL,1
YPTVDYAFQYDGVND,1
VTSIHSLLDEGKQSLTKLAAAWGG,1
PRRNRKLLLHRRQ,0
GELDNRGSQFYLAMY,1
SVAQNVGEWLLHFLR,0
LQTLRSHDQYNTTIYGLDDR,0
LAVAKLAAGREKDKA,0
PFNVNLKLQFLHDAF,1
AIRENQFDAAFGGARR,0
ATTLFIVASK,0
PGVGANPA,0
YDLNHFASRTIDEPL,0
QADVVVAD,0
HLWNAPTKDIYAYTE,0
QAVAESDVQPLGRPN,0
GFGSTPVQTPVQTLAMISDVCA,0
AAVVVARM,0
GHGVIRLQDNKTVYR,0
NKDQAIAIQSQTVYDRYMKY,0
LEMEGPTL,0
GLRNVAAGAN,1
ILINNAGRSIRR,0
LPTVLNNALYMDRYPLVSAI,0
LEPGVVAEKVRNLPAG,1
HLVAHPQSWKLLRGKV,0
FDGFAAEHGGWIANK,0
RALKRRNARTKAR,1
EKASVPGGGDMGGMDF,1
IWNWQLQGLC,0
AAIGLSMAGSSAMILAAYHPQ,1
EFYDIPKTKMTPAPT,0
NDAFAGAV,0
GGTWRIGY,1
LSSGFIASSSNSCPA,0
AAGVPVVK,0
NDDEAVAEFNATYSR,0
RTDPDAPK,0
AATAELSGLTVLHVD,0
SVGESVAQSLQQWDRKLWDVAMLHACNAVDETGRKR,0
AGAGTVATTPASSPV,1
IAQDELGKARDDAHAAVACGVGVQTYLAMPDAL,0
IALISNFNAIRRVRA,0
ANQSVFTAGQLWIARDAEPG,0
QQKALEEAI,0
CRDSAWLL,0
VRFQEAANKQKQELD,1
NTPAIAVNEAEYGEM,1
AGEVMPVVQAKSPIA,0
AIWRRIRVVPFEVVIPADEQD,1
DYKDTALLRTYISER,0
SAAETGSHDL,0
FLEETFAAYDQYLSA,1
THSWEYWGAQLNAMKGDLQS,1
TFGLQLELT,1
MIRLVRHSIALVAAGLAAAL,1
GTVVAVGPGRWDEDG,1
SGDVGYFDERGLLYV,0
DVAYSVHD,0
DFPCDGLYKFRVHGA,0
AVALSDGVYFAGHLE,0
ELQARLRLAI,0
TGCMALGITGPILRS,0
LFGYLPPDAQNRLLDHVTDL,0
FPQGGGFPRNNDDKT,1
WETDGGDLWDVLERL,0
PQVNLVDT,1
DGNPPEVKSVGLGNVNGVTLGY,0
VQTKDPVVAALRQRLATAPV,0
AVPIGIVDRPFEQSR,0
LLDIYRKLRPGEPPT,1
REASRAERDRYLTSG,0
CIDSSADALVVSPYV,0
QRLIEGSEVTGQRVLV,0
LRPTFDTRLM,1
RIGYFGHQ,1
QRDHYLPLKVIRAQL,0
DVRAKAALRYADALIWTPAHLA,0
IVAGGGVTLL,1
AEGDTVIYSKYGGTE,1
GSLIFAAVLVMLIAVLARLMMRGWR,1
GGRRPLIT,0
NAGLLAPGLA,0
DTADISDRQNVQYHW,0
YTFKEDEYPSTAYLQ,1
ARLHGDKG,0
PGVAGSGA,1
MINVQAKPAAAAS,1
LLDGLRAQDDYNGW,1
PGFRVAAILA,0
AKFSDTIGKRDEQIT,1
PPRRRAGR,1
IYSKYGGTEI,1
NAMKGDLQSSLGAG,1
LRAQLAGDRI,0
EKVAKEAADEAKAKL,1
EGMRFDKGYISGYFV,1
DELALTIDGLIGEDSERLTG,0
VRPLLAGPDRAE,0
GVGQILAITFTNKAA,0
AHFDAEVLSALGRMQ,0
GLPLAVCTTT,0
QVESTAGSLQGQWRG,1
VKRGLTVAVAGAAILVAGLS,1
GSPDDLVVRG,0
YISGYFVTDP,1
LDVAEGDTVIYSKYG,1
LGTLLPMAHE,0
MAEMKTDAATLAQEA,1
TGTERRHQLIGIARSLFAER,0
APDPPLSRR,1
ALLEYQQETRSNRRAALGEL,0
VTDGVADGEAGIVLG,0
NFGHDANIGSVVRTA,0
CCAAAEFATRTQATA,0
QEIENSDSDYDREKLQ,1
LRPTFDTRLMRLEDEMKEGR,1
DGYPIINYEYAIVNN,1
LAPDTVPLAGVVLAG,1
RNLPAGHGLN,1
LTFLGFIGVLLAINLFGNRAIKWAN,1
IRVVRDSGLPNQTDA,0
LRGWLGMWSLRVAQT,1
VGDGEAGP,1
NFPPNGTHSWEY,1
HDSIGLGEDGPTHQPIEHLS,1
EQLPRSVPYAELQ,0
IIASDHIGLAAARLLAKRYRGR,0
LSFTLTGNPNRP,1
VKVGPSSVWFVSLFI,0
RLLACTDSDALTVT,0
WIDDWRPEDPVFWET,0
QVEERREGLREAVAR,0
IPIPGLPDIPGLPDF,1
NIYCAELENVLASHP,0
ADLADINAKNRPG,0
GIGNIGDRNLGI,1
TFLAYLVLDPLIYFG,1
YEKIGAELVKEVAKKTDDVAG,1
ADFEVTTLADGT,0
FPGWQPGMPTIPTAPPTTPV,1
KVPEDTLN,1
GRGLRGSL,0
TSSPPTTPAGAPAKSVTPDP,0
WLSANRAVKPTGSAA,1
ANRAVKPTGSAAIGL,1
AAIGLSMAGSSAMILAAYHP,1
SHACRYCFARPTHEY,0
AEQQAMSAQAFHQGE,0
EFFAAYGVAPDPARI,0
EYLILSARDV,1
MPQPEQLPGPNADIW,0
VAGSGASD,1
ASSSDYLSRFNELFG,0
LQGVGAGAISVTAYALAAEV,0
QVVLGWKVSDLKSST,1
LRRYHFPSGT,0
LPADTAAQLTSAGRE,1
QEMLNVMEEHQVRRV,0
KGPPVKVHHLNCGTM,0
SAERCGSPAWDLPTV,1
LSNLDAKL,0
MEFQSMY,0
WLGPFGGH,0
EDGEKRIPLD,1
LGGGVGAFLNALFAG,1
TAALIVGGHTF,0
MPALQGMD,0
FPTADVEQ,0
CVAYIGISFLDQASQ,1
AEQVDQL,0
TSIVPFVVYYGPVEL,1
TALDANPVVV,0
SISVKGPKGTLGL,0
SPPAAAGDLVGPGCA,1
FLGGFAGLPSLGFGN,1
VPWDADDGRCVPGAR,1
FWLAADRKTARRITRLIGEI,0
TGTPAEESGHILIHD,1
ISYEQRADHAEHARR,0
YSKYGGTEIK,1
EAMTEMCGEVADGHL,0
KYNGEEYLIL,1
AAWGGSGSEAYQGVQQKWDATA,1
VVHPAVVQANRVRTWLLAVSNVFGQ,1
AGYRFPRVAGSSAGA,0
LRPASCRFVPTCSQY,1
ESPDLAEFSG,0
YNANGSGAGVTQFLN,1
VQYSRADEEQQQAL,1
QSQPFTTEPELRPQP,1
KYGGTEIKYN,1
ADAGVATLINASAVG,0
ATADGACCP,0
AGSLQGQWRGAAGTA,1
AAGNVNI,1
DMANPMSPVNKSFEIEVTCS,1
VQRARDSVDDIRVAR,1
IKYNGEEYLI,1
DWYSPACGKAGCQTYKWETF,1
QDIGDVPAFELDAIK,0
GPAFHER,1
FRMELLSLPQDEWAG,1
LWGSGGNGGQGGAGANGAAG,0
LLRKPLSAPGARAS,0
VGQVTATMGQLQQLV,1
QSGGNNSPAVY,1
TIEQLLTIPLAKELA,1
NRSEMIEQALRNEHLRVALR,0
IITYFATGPVRMLASR,0
LPPAAPPA,0
GDFELVLVD,0
DLRSSSGC,1
SGCARFNDAQSQPFT,1
GTELATEAYRLLMEVLGTAA,0
ATATGRLPAGYNHLD,0
VDREPTGDGLVEWEGIGTVE,0
DQVHFQPLPPAVVKLSDALI,1
DWYSPACGKAGCQTYKWETL,1
AHLPLIDLTPRQAAL,0
QSIGDLIAFAMDKVGNEGV,1
HKSEAIAIQSEEVYE,0
GGVAVIKAGA,1
ATVLAQALVREGLRN,1
HAHAWALRMSPDGNV,1
PRATELAARRQTTRS,0
LEIGPGYGATLQALL,0
DTVIYSKYGG,1
GRLELAMWVKR,0
GYATGGMSTAALSSG,1
TTYTWSGSAVGHDGKAVPVAGKFTTVAPVKTINAGFQLADGQTVGIAAPVIIQFDSPISDKAAVERALTVTTDPPVEGGWAWLPDEAQGARVHWRPREYYPAGTTVDVDAK,0
QGVQQKWDATATELNNALQNLART,1
EVPNDVVAGQIEAVV,0
TVDAKSAQFS,0
AAPAKKAAPAKKAAA + METH(K179),1
PLKQIAFNSG,1
VLNALWNA,0
TATIEHRGRKSGK,0
GHNAVFNC,1
MKRGLTVAVAGAAILVAGLS,1
AGGGHNGVFDFPDSG,1
GRYTVTMELVEAGGL,1
AEGDTVIYSK,1
VWEAVDNRLGRRVAV,0
NPQVNLVD,1
PSWGLVVTMFAWGYLLDHVGERMV,1
TVAVDATPAVVDQVPQAGLL,0
NMTVSQAVASVRERASGLR,0
RGDANIGIGNIG,1
TAALRAAEDDCPPPG,1
RSSSGCVT,1
GKQSLTKLAAAWGGSGSEAYQGVQ,1
DTLDDGRRQLD,1
AAAGGHPCQGLYHHS,1
MTEQQWNFAGIEAAAS,1
LRQHASRYLARVEAG,0
TVLAQALVRE,1
QPACRKAGCQTYKWE,1
PLDTPPAPAPPPFRL,1
MGDYGPFGFDPDE,0
FEAAFAMTVPPAEVA,1
ETTTASGLVIPDTAKEKPQEGTVVAV,1
KALSAMRKQFGGHAE,0
AEALRPWDDVGIGTV,0
INFNCEVWSNVSETISGPRLY,1
ANRAVKPTGSAAIGLSMAGS,1
QAQLISSQAQQGGQQ,1
RLRKLWDVPALAFVGIGNGTQVAL,0
DEDKSQRR,0
AFLHWAITDGNKASF,1
VAGWAGLAYGVYL,0
LVQAAAGVDGSNVGRSELALLPVDPDASAATLRAGLRERLGVTVAVVITD,0
ARTVGSVA,0
DIKVQFQSGGNNSPAVYLLD,1
LKFARLSTAILGCAAALVFPASVA,0
AKTLQRAEA,0
IATHAVDRTKEVFTG,0
KAALTRTASNMNAAA,1
FATYRRDMRA,0
TVHTVIAV,0
DRTKEVFTG,0
GYFGHQVG,1
VYAGTGWTAM,0
RTEQKDFDGRSEFAYGSFVR,1
PRNTDGEVYFELRLADAWVW,0
AAVAVGLAV,0
GHSSLATTQLY,0
IGLAVATAGTAGANT,0
SLYRQLVANRGVIV,0
MGASGLVWTLTIVLI,0
GRILNLDI,0
AVDRLKLVAIRLTPA,0
GDLVGPGCAEYAAAN,1
QFASVGVEALTGFAS,1
RGVAGKVVAGIGILAIRWRLPSGT,1
DGANFDKPPSV,1
DMAILTGGQVISEEV,1
KIAAKNAVAAFDVPV,0
RPSSQPSDLHSGLRA,0
ADMWGPSSDPAWERN,1
REGPDGLRWGVESIC,1
GASVTVTGQGNSLKV,1
VAAAMVLLLRKPLSA,0
TSLNDMGF,0
ELRMTLRELGSRRV,0
MAEFIYTMKKVRKAH,0
GLGNNLMAPGPPHSL,0
SPYRGSSILWRIHAASALLMMP,1
GPRLYGEMTMQGTRKPRPSGP,1
RSPLVYNVTSPWTVPP,0
QLDDLGEHRR,0
LLAAGVADPVKVTRS,1
NIKPLEDKIL,1
VDHPGPPHVQGAF,0
AQAQHLTMANIVTSA,1
RAGRCPPR,1
VVQQADTAAARQAAD,0
EAGPGVAG,1
DGRPKPVPIWAALDT,0
MTLLELSDFVKKFEE,1
PTTALSGIGSGGGLC,1
QSGLGDNGYIPIPDE,1
HRTRKHKGACIFLNR,0
PGGGYPQK,0
AAETLQDH,0
GDLPTIGTAVSARNT,1
LASTLTDALKSHGPQ,1
PSVKPICD,0
KLVARVAPAAEDVPVFPTYRLDHQF,0
NAVNWNGTDERVDWA,0
EDEMKEGRYEVRAEL,1
EIAKLRVALQ,0
MTRHREILDSDALAA,0
RSLGDPETI,0
PADAPQLA,0
DKYGVKIPDEDLA,1
WGPSSDPAWERNDPT,1
NYITSNAINQLEMFQ,0
LTLENADLSLLGKAR,1
AYVITSVDEEMRHNE,1
GSRDCVIPVEQARSFVERLR,1
KGLMNIALAISAQQV,1
AQLSILVTLLDQGPI,0
AWQTSRNAVVVNSFSKYYAM,0
LFAAFPSFAGLRPTFDTRLM,1
LLLCGSDPANPAFRD,0
ATGLLGTT,0
MPEHDPSYGIPDIAE,0
ELEPGAVVVPDQLVDRTSGRADTYF,0
LLEYLMRNSGRVLTRGQLID,0
SPAYRDVFTIRVSPA,0
VRSSNLKFQDAY,1
DAFDRTATGWRLHGR,0
VRLAPSTGAVTGEPD,1
PEAAQALRAKIES,1
VTGSVVCTTAAGNVNIAIGG,1
KHAAPRMIE,0
NSRRLVELAQRSGTP,0
THSWEYWGAQLNAMKPDLQR,1
AGPGVAGS,1
RGPGQMLGGLPVGQM,1
FPVVTHDEVLRLVGRRRLWGRG,1
GCQTYKWETFLTSELPQWLS,1
AEGLRYRSVLGLA,0
SLAAVFLALAMGVVL,0
DPRYNQLLGPLPFRH,1
TCELFSRVEDVLGLP,1
IESENPDAVANVQ,1
EKFVKEQR,1
VDQALAATGQASQRA,0
QDVGNYDAFISIRAAIRAIESA,1
MVNKSRMMPAV,1
ANRHVKPTGSAVVGL,1
TDLEEIGE,0
LGGGAPSLAEAARLDA,0
GAGPTVVHFRAPGCA,0
RDAAKTLGMAVIAPS,0
IAFLAGCSSTKPVSQ,1
LSTDELLDAFKEMTL,0
VTFHYQNKYKVPAN,1
SNGRRRFHLADYQPG,0
GVVHGGVYCAMIESI,0
TLTNAAAILDNAAAD,0
NGCQFAVA,0
PILGAPWLADLVRRS,1
YLGGARAAARYVRKH,0
PPYAEAGAYNVTFHA,0
APEVSVCGNAGQPMT,0
KDTHAHAWALRMSPD,1
DLSLLGKARKVVVTKD,1
NNTSAGTGGVGASGG,0
PKGRNVVLEK,1
AWWQDTVNGHTRIGL,1
TGPASVQGMSQDPVAVAASNNPELTTLTAALSG,1
AVVRFQEAANKQK,1
IDPKVVDPDDIETLQDLIVG,0
AQDAMAMYGYAGSSA,1
TASPGAASGPKVVIDGKDQN,1
AALVGALSVPHSWTT,1
DRKDYNSFGSRRGNHEV,0
AGGYKAADMWGPSSDPAWER,1
ISMIDGPAPDGYPII,1
IAHAVKAGRA,0
PGNVNTGVGNTGSIN,1
RDAERLTEESARLFVSDEAR,1
GSALQALLVDQESPQ,0
LELEATRRELADRLT,0
RPGLDELSFTLT,1
VSSKYALVIYAAK,0
MAKVNIKPLEDKILV,1
VEYEQDRRHVYKLVGARTPVQDYF,0
RGLGEAQLGNSSGNF,1
VRIDNLLLHG,0
ELARILLDATVAHPRPPSGP,0
LDDVVEVSAGETIPS,1
NEAPKFFNSKGEPLS,0
GANPLGLKRGIEKAV,1
RYLYTPMAYPTDYGF,0
TLLRAREGRTMAAPF,0
IHTSVELTHDALRQG,0
LAQEAGNFERISGDL,1
FEADPTFVLHFTNAY,0
VVLEKKWGAP,1
AGSGASDL,1
TESALAQVP,0
AELTGVKEKSTLLRE,0
AYFDHHASNGPTEAI,0
VAGVVAMFLLAIVVD,0
MSFVTIQPVVLAAAT,1
ITWLADHLRRRWARN,0
LAIIWTTAGLDPVRA,0
TVLLAISLFVAVVVA,0
MAKTIAYDEEARRGL,1
GTTAPTLPTTPVSPT,0
TNRRVQVRVNGEVVADTA,0
GSSAMILAAYHPQQF,1
GLLQLLGLFGIAGIGRIYLG,0
RRVSPTPV,0
PKLKIVARAGVGLDNVDVDA,0
QNAGGTHPTTTYKAF,1
APRCWPSRCPIPRCVSRDRCWIKP,0
VTGSAELD,0
TAQTLQAFLHWAITD,1
YEVRAELPGVDPDKDVDIMV,1
SKDALLDDAL,0
AAGTAAQAAVVRFQE,1
HVVSVNGDTI,0
TAIGVWGARHASDFLSATAK,1
AGPPQRWFVVWLGTA,1
TNDGVIFFFNPGELL,1
DAASAIDFYVKAFDAV,0
AQIADAKLVCNRCPVTTECL,0
NDILIRISGVEPT,0
SPGPPSPDNAVADTT,0
GAAILVAGLSGCSSNKSTTG,1
ALDITLPMPPR,1
QDAYNAAGGHNAVFNFPPNG,1
KVTLGPKGRN,1
AILRDEDD,0
YFGHQVGD,1
WRCPPRRR,1
YRADSVERLIAAHLM,1
TAALALSMVLVAIAA,0
VPTQFEFMAVSSYGS,0
GNPNRPDGGILT,1
LAKLAGGVAV,1
VREFQRADDERAAQP,0
ADEEQQQALSSQMGF,1
QAQYVAQLHVWARRE,1
VTGHWRCP,1
VTYSVDLGDVRAV,0
GQVGRELVN,0
RGEHRDEHTQDAGDK,1
AQAAVVRFQEAANKQ,1
WTQVPDPNVPDAFVVIADR,1
HPTTTYKAFDWDQAYRKPIT,1
VTVYDDVALPPLLLV,0
LIALLGPVLADRP,0
RGLRAAAEAGVRLAF,1
LRSSSGCV,1
HGTCANQCPIVDAGD,1
GLRAQDDFSGWDINTPAFEW,1
DLSAAAALCRWRDGR,0
STADESVYRPLPPRLRLAQV,0
AAVAEAEG,1
REVMRAASKVEPVPV,1
ELTEKGRALAIAV,0
TAVVLLCCSGVATAA,1
DAAVAEAE,1
DNIGNANIGFGNRGDANIGIGNIGDRNLGIGNTGNW,1
NVTSIHSLLDEGKQSL,1
CGGVSTANATVYMID,1
KFVKEQRE,1
VAAHEFLLFPTVA,0
LIARVIEELVRRGVRALEA,0
ESGTTDNFQRYLQAA,1
AAYHPQQF,1
HWLRPITPTFRPSWP,1
AGGGIVARQGDVRDR,0
TPSPGTSEGPWLRTGDLGVI,0
TASGTRLA,0
WGRRLMIGTAAAVVLPGLVG,1
PPGSVVHLYRD,1
RILFVGEA,0
LALARRGHPVDVVEM,0
VTSIHSLLDEGKQSLTKL,1
GEKRIPLDVA,1
PVPLSVFFGYRAATVMVVTT,0
RDGQLTIKAERTEQKDFDGR,1
NFPPNGTHSW,1
IEPFGCLKPAPPPDG,0
RDDNAAINLARYEEPPSVVGPVGA,0
MRFAQPSALSRFSALTRDWFTSTFAAPTAAQA,1
DELATAFADLTYSSA,0
LSTLVVNKIRGTFKSVAVKAPGFGDRRKAM,1
RVLQTVALPQVNAVPQQGHS,0
LEFVRPVAVDLTYIP,1
VRAVVVGARRTAEEL,0
LFNLWGPAFHERYPNVTITA,1
RWSAETRLALVRRAR,0
ACGGGTNSSSSGAGG,1
LLIGMAE,0
IALAISAQQVNYNLPGVSEHL,1
HVTLYLGNGQMELPNK,1
FIERTGGSEWICYFA,0
ARTISEAGQAMASTE,1
KESRDIVIEA,0
WDEDGEK,1
QETRSNRRAALGELS,0
LRQRLTGDYS,0
AYVYAAAGEGESTTD,0
PNGTHSWEYWGAQ,1
EQQWNFAGIEAAA,1
AVSAAEGLRWAAGTG,0
EAAASAIQGNVTSIHSLLDEGKQS,1
TKSDQEKLSLSIQKLAEEDPTF,0
VTVTFMLVWLINHHGWSVAQ,1
ALTGLGDKFGESIVN,1
VLGVTSLAGAWMLTPNLALV,0
SNGVEKLVAIVELNN,0
YPRGSGTTRTARRDAGVAPLY,0
GSEALAAGVLTPYELRSRYV,0
TLVVNKIRGTFKSVAVKAPG,1
TDELNQQRDDITRAI,1
QRRAEARLQGWEEFE,0
ASDQADPRP,0
KFQDAYNAAGGHNAVF,1
TIVAIDMRRRRGLPPI,0
DRNLGIGNTGNW,1
YGGLAALAALELIDW,0
ITSAGRHPDSDIFLD,1
STVGGMRLTEPSADL,0
TTEAVVADKPEKEKA,1
SQFFITVG,0
ERELGLATGP,0
AVAASNNPELTTLTAALSGQ,1
CVTGHWRC,1
KTQIDQVESTAGSLQ,1
TIIEVGYARASAAVITKRAG,0
QVLMRSRLDRCDAEH,0
PTVTKVVVNMGVGEA,0
TTRQTIATMTQETRG,0
TVAVRLAPSTGAVTG,1
GVIPVPLTERDIDLHPD,0
TGHWRCPP,1
GGDGPADVGVDLDRI,0
LNAMKGDLQSSLGAG,1
PATVLVLGVGVAGLQALATAKRLG,0
ISTGSVQPARVHGPAPRPTI,0
VTQEEIIAGIAEI,1
KQELDEISTNIRQAG,1
NANLGDYNVGSGNVG,1
ALMSGNFSNGILWRG,1
APPPPVIAPNAPQPV,1
TDNTGILNAGSYNTG,1
GSINTGWFNTGNANTG,1
RLDNFRNLFTSDPLF,0
YGVKIPDEDLAGL,1
RKRGAIVNMSSVSGK,0
QNGDGGQA,0
PAGGAYSMYTNWEQD,1
GEEYLILSAR,1
STETRVNE,0
QPANGQLLTG,0
TIPYQRFRGAEI,0
KLVANNTRL,1
QDPTEHADG,0
VSADTRSLLA,0
KPEKEKASVPGGGDM,1
WHHTGNSRETAKSIA,0
IRGGLADCVLALGFEKMQPGALGG,0
LNDGELDEFARIYLD,0
TSAAGSNTATTLFPV,0
STPLTDGASV,0
LQSLGAEIAVEQAAL,1
TASVAKVTAARPEPS,0
EGAAEAPSAAETGAQ,0
TTDTVFDIASVSKQF,0
GPGVAGSG,1
HQGQGGAKSKGSQQE,1
TTLGMHCGSFGSAPSNG,1
RRRAGRCP,1
LPGGCGSPRRDLARS,0
MTLSVVPEGLAAASA,0
PTFEDYPDRPAGDL,1
AIHEMFVNTLQMSSG,0
FPALCTPTGDPPRPDPARAD,0
PGYPVAGQVWEATAT,1
LDFAKILDAAAKSGANAIHP,0
VGPGRWDEDGEKRIP,1
IAIGGAATGIAAVLTDGNPP,1
LCKTTSNFIWGQLLL,1
DGLRAQDDY,1
ASMLGTVTNSPGVPAVPWGA,1
GFASKTPANQAIS,1
AGHDQAAF,0
HVIAGQASPSRIDGT,1
TDNRDARGDREGRRR,0
HHPAALLDKPVERVV,0
GAIPGGWWLTFGQIL,1
HGQQVLSRFLHDFAG,0
DVVESGANADIKPGNNLPLRNIPAGTLI,0
GVIFFFNPGELLPEA,1
LGWKVSDLKSSTAVI,1
EEWDIALLHRD,0
DFTLPDIPTQWRNQP,0
RADHARREPELPGKQ,0
SSAAISDELWDLLPGYLIFR,0
AERIPAVTVKTDGRK,0
GTPLFVIDEDDFRSR,0
ETLHERIKVTERRLLVAAVAALATH,1
LNEGTLIDIPGGYMQ,0
PSGFFAQPPPLTEVA,0
WFRAEVAKDTRGEFDHPLTP,0
AVAVSPPAAAGDLVGPGCAE,1
LMILIATNLLGQNTP,1
TVVAVGPGRW,1
NITSATYQSAIPPRGTQAVV,1
QVASTLQA,0
QSSFYSDWYSPACGK,1
LSVVGDPDAPPTMVAVAPVA,1
GSWLEAVVGMT,0
LRALIASGKLGQHNGLPVSI,0
PVAGQVWEATATVNA,1
FSRPGLPVEYLQVPSPSMGR,1
SLQLLLTFPFPNFGI,0
AAHFDYGSALLSKTT,1
NAFLTALTNAGIAYD,1
VYVAQKRKISDGDKL,1
ARFNDAQSQ,1
SGASDLRS,1
SAAIGLSMAGSSAMI,1
APALHPAVFATAVMLLAVAG,0
ACNMNHALITGVADA,1
LPVVALCTVSDIVLIAAGIAGFGA,1
GHGRDTLYF,0
AVAAVELA,0
RRFPLPDVPWTRFFG,1
SSYPRQRPRRL,1
SSDPAWERNDPT,1
PNFAFELAVRRTSDQ,0
ASAAATQLTPFTEPV,1
KVALEAPLKQIAFNS,1
TVLVGGLRVLGANYK,1
NIGFGNRGDANI,1
QQKWDATATELNN,1
AAENLAETASKVGGT,0
SIPTPPGWAPMKNPN,0
LFLPSNTIAPFLGLL,0
LQRYARALDARLRLVLEVPT,0
QVITASTG,0
ARAAMARAEAGAGAA,0
QEAGNFERISGDLKT,1
DKILVQANEAETTTA,1
DFWATWCGPCKMVAPVLEEI,1
YVGAQRVPIHRLDSV,0
SLQGVLATRPDFVFG,1
QAANRRSADTICGVTAPAPL,0
VIYSKYGGTE,1
ELLA,0
ADVGVALDDPRGATP,0
VAEADVVITMLPTGEVVRRCY,0
VVLALFHAAHRFRFVLDH,0
GFSEIMRSTLEKDNT,1
GLADDAPLGYLL,0
GSHWIIGTTDTDWNL,0
AHAIALFLNQVHRSRAQFAK,1
CELEAPEYFRVPKRG,0
AARHWALR,0
RAVPSPNRRYRRVWP,0
IRQAGVQYSRADEEQ,1
ASAFGRLALDAVHLD,0
DDPDIGAIIITGSAK,0
FPHHPIHTVPSEEVL,1
LEDQLRAHPLISQAVVVGDA,0
EGDEATGANIVKVALEA,1
AEPYQAD,1
GYLRVCRPGCVELVL,0
MRASPAERVDGAYAGAGPHTQSV,1
LAAAAAWDALAAELY,1
AFDLDRLLFKRNICH,1
AMSSAAALGLLEASG,0
LPLLEKVIGAGKPLL,1
WLATTL,0
AGTVNIGASDAYLSE,1
TVARYVEL,0
TNFFGINTIPIALTE,1
SKYGGTEIKY,1
RDETLPAPD,0
VALFGEPSSGFSSML,1
VIGTPRHRQLPIRRV,0
SRPGLPVEY,1
TGETLTEAVVTALRERLA,0
PAEFLENFVRSSNLK,1
VTGSVVC,1
ESNTFGLQLELTEGM,1
ARGEIDAANEHTWQD,0
MWELYLAYSEAGFRS,1
AMMARDTAEAAKWGG,1
PEVDEPLGAVARRLPLDCVI,0
SYDENGGFFDHVTPPTAPPGTPGE,1
QPGLYLSQIAVLLGY,0
DSLEELKARRNEAASAVVDVDES,0
MALAALGIGSVSTLL,0
MLGTGTPNRARINFNC,1
VRGFHAAGRQVHAWT,0
AFAQMVDQTLTNPKG,0
VALGYVAWRLFGHTP,0
VWHPTGEQSEAARRS,0
FFDPSASF,0
DRAGWVGL,0
LPDWLAANRGLAPGG,1
AALTILRDITAGSTNAVLYELMVAA,0
RLRRAKAHPTAPLEDVYPVAD,0
VKIPDEDLAGLRT,1
RCPPRRRA,1
LCVPLDGAICDRLGL,0
IVMSTNNDDPAGACR,1
PTNAAFSKLPASTIDELKTN,1
IRGKSREH,0
QEEIIAGIAEIIEEV,1
RAAAKVVAALPVNRP,0
MWAGYRWAMSVELTQ,1
ILAARPLLARLAREV,0
VYMGNLDAVRDWGYAPEYVE,0
SSTPPPPPPLPPVPF,1
PSLIGLAMGDAGGYKAADMW,1
ENFVRSSNL,1
RDLDIVSGTVVLRDLELEVA,0
AAVVLPGLVGLAGGAATAGA,1
WFTGAGFFPP,0
PLFAVLATD,0
NARKILDTYGTDYCVFNDDM,0
SRRQRR,1
DDVAGDGTTTATVLA,1
IVYTNTTTTSPVTKN,0
LAGAQITRDHREPVP,0
AAVQAAWAVLVAYFNRLRCGTGDY,1
VSVAVSEGKPTEKHI,1
DEADLIDG,0
TLQAFLHWAITDGNK,1
LGTGSPAADRLDATH,0
WLGANGVFGSAVLPGILIIV,0
QSAAAMHGAKWVDARQAAEL,0
ENEVSGQLA,0
PVGGQSSFYSDWYSPACGKA,1
MFSGFDPWLPSLGNP,1
MKRGLTVAVAGAAILVAGLSGCSS,1
NKVDAAVA,1
SDLRSSSG,1
EAEHQAIVRDVLAAG,1
GCTSWVQLPVTPT,0
GMSQDPVA,1
AAGFASKTPANQAISMIDGP,1
TAVAIMAAPAARADD,0
LAALPDFLGGFAGLP,1
MAEDVRAEIVASVLE,1
VANNTRLWVYCGNGTPNELG,1
IAARAAGLPSAIDGP,0
KTIAYDEEARR,1
FTEDTGELTPTMKVK,0
GVYKVCKGLEKIPLL,1
IGPDGSLRTQSGAHW,0
AAATDLANLGSTISAANAAA,0
SCTAGLLAARLTDRP,0
MAIASKGGYEAVQMR,0
RRLLKAARLGLIDFD,0
QGQWRGAAGTAAQAA,1
ERILSETPEYKQ,0
THSWEYWGAQLNAMK,1
ARDVLAVVSK,1
AIVGFVTLSGSSLVA,0
ASEKLLRTNKVRADT,0
ALVREGLRNVAAG,1
HKFGGPPGVGALLLR,0
ARQMLTGPRLPGPAE,0
AEGGTWRI,1
DIEITATVRS,0
LQLGLLNAGDSATRSRRADT,0
LAGGAATAGAFSRPGLPVEY,1
DPDKDVDIMV,1
LDGITDED,0
DKVLPLVAIVVSVGLAVSYD,1
TLLKGAKEVET,1
PVMDVALN,0
RDWVKLAVTRARISG,0
LSTLTGEEWHGPASA,1
EEYLILSARD,1
HRSDGSGDTFLFTQY,1
TDPKELPAANITRLP,0
DYPVPEVLEVRGEVF,0
SGETTTAAGTTASPGAASGP,1
GVAGSGAS,1
FGELLFTNPTGAFQF,1
VYQTEKFV,1
AKVNIKPLEDKIL,1
DTLNKVDA,1
TTPKNPTKRRITPKDVI,1
FAIEPLAPVR,0
AVWDEAAERA,0
NELARHRAMIQAFVQ,0
DHDIRFHQVHAKDNG,0
NAASIAGLFL,1
YLPIAAETEAASRTV,0
RVELGAGSLADDVIA,0
NSNTGGFNMGQYNTG,1
PETINYRTLKPEKDG,1
GLNPPPVPIPWSVLSLFVPG,0
KVVIDGKDQNV,1
LQDSGVHDVAVISEAQAATA,1
GYNGFGPAEQAVLAA,0
RTDGFRIMIRDSPAS,0
GTRQTLQGASVTVTGQGNSLKVGNADVVCGGVSTANATVYMIDSVLMPPA,1
SSTAATFASGPSGLL,1
NPTGPASV,1
PGSWSEWSSDPTRPV,0
DRLKRGGTNLTQVLK,0
NAARVTEAFL,0
ARLVVLASGTGSLLR,1
IVDGLCEV,0
DRLPDATLRIYPDAG,0
AAASAIQGNVTSIHSL,1
GSKPPSGSPETGAG,1
SSSGAIGNSGLANAG,1
IANVPLPVGR,0
NNSLLVVTWDEDDG,0
SGYDPVAVNHYIAE,0
RRAGRCPP,1
IIAGHCGVRLVDQGV,0
RGTRPTTDRV,0
RAARGIRACRGRWVDRLAHQ,0
AWRQRSLTGRRWFDE,0
DSIYYVDANASIQEM,1
RYGRSIPHSGEDSIP,0
NAAGGHNAVF,1
SMAGSSAMILAAYHP,1
SAATSSTPREAPYELN,1
VVTFLKDHRQLARYG,0
YNGEEYLILSARDVL,1
LGENGNGGMVTGCAE,1
NGEEYLILSA,1
KVNIKPLEDK,1
AGGNAHEPVL,0
PKVESAAE,0
TAKDPDGAPIVMVDS,0
SHDEQLQRRLWAVSE,0
LTEPVIGLAETIGPA,0
TGNMISNQAKYVSDT,1
RVHETDDGLSGEEGTFTI,0
WISEYKEVEILEADD,1
KPTTGDVTTNGFAITQKTERD,1
LEVIDRHNDGAVVAH,0
AIENEQAAL,0
ERCTSLYGVPTMFIAELGLPDFTDYELGSLRTGIMAGAAC,0
IKPLEDKILV,1
IMWAREQFGLELIWG,0
PSGDGMARLTRAAGP,0
GSAATLGGFSAWQLG,1
LLQAAPTLDELKLEG,1
GFLMPPSDGSGVTPG,1
PVIAENRAELMILIA,1
AAAPTTGVLAAAADE,0
GVPSRLGYLLDLAPK,1
GDLVGPGCAEYAAANPTGPA,1
GIVFGAIAIN,0
GITASARFDFGAAPL,0
MPMPKAVV,0
QLAALSDAEAANILGATIGP,0
ATIPQGEQSTGKIYF,1
GKPTEKHIQIRSTN,1
IGYFGHQV,1
PQLVNSDPYGAGWLL,0
VFGGAASCAAPIQAD,1
EPLIERYRGRRGMKA,0
AGLFLTTEAV,1
TIGPGLAG,0
SAHVPMVSAEPCPDVEVVFA,0
YGDARGRVPNASVAR,0
LQAHPHAVNGTAMRE,1
APAPAGEVAPTPTTPTPQRT,0
MLGADQARAGGPARI,0
GHWRCPPR,1
AEAEGGTW,1
RWSGMHR,0
VTGVQVRDYHITIKGVDGAGRRYHA,0
RAYVAVASFSGGLVQ,0
DLAITTNGVLLADRVDGLKA,0
GYIPILGAPWLADLV,1
DEMTRVIWKLIKDML,1
IGCRLIDTAYA,0
KALALQGQCDRRVIA,0
YRDHLERIRSQTTRATRATG,0
LPFPMLSDIKRELSQ,0
LLYDDHIGKVSLIGAGMRSH,0
DDGSQVA,0
NTEAFVGTDGRVS,0
ADHTYGYAEALADGV,0
YNGEEYLILS,1
VLRTAARDVFRRLLD,0
TSEQIVERFGFSEIM,1
GSGAGPRYAGPLFVTDL,0
VAEKVRNLPA,1
ENSHGIDQQVLPTYA,0
KPLFTLWKDY,0
IRGSVTPAVSQFNAR,1
VKDVKCNN,0
GHNAVFN,1
SMAGSSAMILAAYHPQQF,1
EVQTGFARTG,0
MLLDTPEHLATLRQH,0
SNNPE,1
LGLKRGIEKAVE,1
EDYTDAAQPIWWVVR,1
GFKVRPSFSFFAVGPDGMP,1
AVGADFGASIYAEYRLSTTVRKAANL,0
EKRIPLDVAE,1
VREISWQWDCLLPDG,0
PSEVPINE,0
AFDVDPGQPGGTTSIKATYY,0
ARFNDAQSQPFTTEP,1
KIVALDDVSFKVRRG,0
DLAALEKRMRQIVKE,0
DLALIAAATAGACIG,0
NVVGTRQ,1
DSHFICVVAEGAKPA,0
GIEPSEITPEKSFVDDLDI,1
FGLQLELTEGMRFDK,1
HWRCPPRR,1
ALAAYKKY,0
AVADRLRGDDLIMSV,0
TDVIPETDGAEKGPT,1
PDSEPSDASTPPAKK,0
YAAHGAAAR,0
LDEGKQSLTKLAAAWG,1
PGTGPSRKTQERGHY,0
NTFGLQLEL,1
AASNPDPERTIADIR,0
PHVKPAALAEQPG,1
IAVAGCSAGGHLSALAGLTA,1
WGAQLNAMKGDLQSSL,1
GQRLIMPDFTRYTVVA,0
EQIAEVLGNWTGIPV,0
TGIATTALYVLLVHNLTETQLASAV,0
EATDETYHAFLHVAADEALAAAAA,0
AIRPAYGLAEATVYV,0
TDFKGGSTFL,0
NAAWYFDAVTVGDPI,0
NGLPGAHNAGLQ,0
GDTVIYSKYG,1
GAGAIGMEFGYVLKN,0
AAAEGLSHEVGSGRL,1
SVPANVSRRAKVDVL,1
YERASLIVTSNKPFG,0
YTVLSKERSVIMD,0
LFSRVEDVLGLPQNT,1
DDPATWTEPGVRHLA,0
APHPIDGRQV,0
PEFHLRSKRIRAHSTHLRER,0
LSGRDFAVGDMFATQ,0
DDGTDEARVSRRLVAMLARRGY,0
LSRLVPQHLMRRLFF,0
KDSDSPDKLRRVVAH,1
TRYSSAYELEGAVKR,1
LSIVMPVGGQSSFYS,1
EGGTWRIG,1
GRTVVPVTATDIRAD,1
PLGLKRGIEK,1
MSDQPRHHQVLDDLL,0
LADEEKADLLVVGNVGLSTIAGRL,0
WRSLDVEMTAVQRSF,1
FDNGRRGRPVTGP,1
APYNVRRLPPPVVEP,1
IRESIAEADADIASG,0
QDPV,1
VSDTRDV,0
QAARHILRLHPNMVRQGGRR,0
ARPADYMLALSVAGGSLPVV,1
NLGTGNSGWGNSDPS,1
NNSPAVYLLDGLRAQDDYNG,1
KLLGMYPEG,0
FFQELADLDRQLISL,1
DALIWNGSLWHTAAA,0
CGWFDAVIARYAARVNGITDYFLTK,0
EEITDRILLLDGLPN,0
GDLLVLQPVP,0
GEDGPTHQPIEHLSA,1
FGLDKFFN,0
DNIGNANIGFGN,1
ARWGSLYDALYGTDV,1
MATLFALDRAGAVHT,0
QTEWWYYTGNLETADGRLFG,0
ALAEVCRRGWAQSVA,0
AGTAVQDSRSHVYAH,1
VIMRSTNFRWGGAFD,0
VTVTGQGNSLKVGNA,1
VLRWSAPLSQ,0
LHLMRTGAAGVIVGYGSTQGV,0
CPPRRRAG,1
YILLVSSKVS,1
LTERYGG,1
EIKYNGEEYL,1
ETTTASGLVIPDTAK,1
GASDLRSS,1
GADVERAVLSRAV,0
GRSVSFHA,0
HHRRQDRRRGGLG,0
GLRAQDDYNGWDINTPAFEW,1
DTLNGGEYTVFAPTN,1
SAAMVDAA,0
VWARREHPTYEDIVG,1
PVAVNLVLSDETLLA,0
PRRRAGRC,1
MDKTTVYLPDELKAA,0
TLNKVDAA,1
MTDVSRKIRAWGRRLMIGTA,1
LQLARPFEDLERRGKGLHSV,1
QIAATAAISA,1
FGDVDAHGAMIRAQA,1
ISYENEAIAT,0
RLTARTLDATMQAAA,0
LTRARELFGPNPIE,0
NVTSIHSLLDEGKQS,0
PSMGRDIKV,1
GFSPGADHKSAGVVPHVENL,0
FEETFEVTAAAPVAV,1
PSDLGGNNLPAKFLE,1
GAGDLWRHYVSAQSDRLVVL,0
AQSAAIAHATGASAG,1
ETFLTSELPQWL,1
AKAPAKKAPASS,0
TNDFINSL,0
ADMELGSQTVVWRFD,0
TRAESFDEMRHA,0
PISSHAISGSRFV,0
AASGPKVVIDGKDQNVTGSV,1
AGGDEVL,0
EIAAEASVPVFTVRLADHPSRDAW,0
LDVAEFELAIAHLRV,0
HPHALMSRAAGLPRLSWFAGLTWF,0
ARLYGKRAAQNRAKRA,0
GNGGMVTGCAETPGCVAYIG,1
VEADLHANSQAD,0
AITAAMVLSRKVSAI,0
LAEVATRVIPGAGLA,0
GDVQPAEVVAAAR,1
ELLVRMVAKTLRAVP,0
QALRAKIESENPD,1
DGEKRIPLDV,1
FSTRIADKEADYEQMW,0
VAGWHGRPWAHHVPV,0
RNISVAATRV,0
KNQAIVVETT,0
SAAAKNTPGSITYNE,1
GSGASDLR,1
PIPVPIIIPPFPGWQPGMPT,1
VAGVPMLPAVATERQVTKQI,0
RNGVPLIVDNTIATP,0
IADIEAYPQWISEYK,1
VHNVAALPGAAYCEM,1
AHGINVPARDVL,0
GCTKPGCDAPAYHSQ,0
QTEKFVKE,1
GNKASFLDQVHFQPL,1
IELPKKAAPAKKAAP + METH(K167),1
LNKVDAAV,1
YHRRIKEGRMIEFVI,0
GPKGRNVVLEKKWGAP,1
LRNHTAEVLRRVAAG,0
SVQGM,1
MWLSPNGTIRNILGG,1
AQAWQNYQQI,0
KAGNISKRQSATAFH,0
QVGDGEAG,1
RFRQGLIP,0
IWKLIKDMLILPYLD,1
LEAAGDKKIGVIKVV,1
YDEEARRGLERGLNA,1
LSEGDMAAHKGLMNI,1
GAIVSGSSGTAAAKQEALEA,0
IKYNGEEYL,1
GTALDAPVLMHPGDA,0
TKRRITPKD,1
NKPVLVDFWATWCGP,1
EMIEAVGYRSWPRYF,1
ILKDESYKVTGTAPI,1
WDEDGEKRIPLDVAE,1
FTMRGIRLEAVGVD,0
GGAGSVGNGGAGGNAALLFG,0
NGEEYLILSARDVLA,1
AVIIVSSNLPGTSQT,0
IVSTALATRDFQDVHHDRDK,0
SGFFNGGPGTVSGIA,1
VGAELIDRLPHPTSR,0
YGGTEIKYNG,1
DGLRAQDDYNGW,1
LEPGVVAEKVRNLPA,1
AAATPTTGVVPAAAD,0
KPLEDKILVQ,1
ENYIAQTRDKFLSAA,1
GVSTANATVYMIDSVLMPPA,1
VAVGPGRWDE,1
DVGSLNGTYVNREPV,1
PGTEPIWEQL,1
RPVVVGGEVVARPTM,0
GIGDTDVDEAAEMMINLFWLGLKGAPVDRLETGH,0
AGDPTFERLRRSFQPADLLP,0
GFGNFGSYNIGFGNV,1
WDINTPAFEWYYQSGLSIVM,1
NGGTGGKGGTGGDGA,0
SKVSTVKDLLPLLEK,1
AGGRYCRLWDTG,0
GVRRHTELTE,0
GPSSDPAWERNDPTQQIPKL,1
AMEDLVRAYHAMSST,1
VEIPGVDTVRNQFDR,1
VWEKVAQQLADTGRF,0
GAGGVAGLFG,0
VLCNGGSPTTQQALA,1
VGMHYRYPDHYEVER,0
LRHHGVDEFATRN,0
TQMDFVLYSNYARLV,0
KTINLCAPDDPICTG,1
TAAAARPTTSVLAAGADEVS,0
RRKAMLQDMA,1
PAHVVAHKVMPGNRP,0
FGLFVRKGWDIVIGLVVLF,0
LQVPSPSMGRDIKVQFQSGG,1
SGYLNGDSRASGWIH,1
ELPFSPVCRPDCPG,0
VVSVLTVVPGRATRL,0
STHGVYEHDIAEICAAVHDA,0
MRPVDEQWIEILRIQ,1
VDMPPNPEAMVVGWV,0
AVAEAEGG,1
YLAVTLGRPLLLEGEPGVGKTTA,0
QYVEDIARARRAAGR,0
DERADEMKKFG,0
SEFNEVFFNDVFVPDEDVVG,0
VCIATVVD,0
GTVGQLNTDFDAVVQ,0
LKTQIDQVESTAG,1
FDIVD,0
VGNVRFAGAPVVA,0
AYHSEVHHVTPWTTTHRTDIN,0
GDDDRLHGMLTDRDI,1
RIFYKDAFAKHQELF,1
RFDKGYISGY,1
IADLEDFVLG,0
PVEYLQVPS,1
PKLTRVYWAVLEGVA,0
SWFPRYARNL,0
PPTPISVIFRSDKSG,1
GTVVAVGPGRWDEDGE,1
PNVLVACAGKVTKLA,0
MTAHTHDGTRTWRTG,1
QSVCPILAEPGGSFN,1
YQTEKFVK,1
PAALSPETQLVTAVG,0
DLGGGVGAATYALDRLSNMR,0
LPGVSEHLKLNGKVL,1
